[
  {
    "id":"001", 
    "category":"상의",
    "isBest":true,
    "image":"/images/prdlist_prdimg00.jpg",
    "name":"수피마 컬러 맨투맨(cotton fabric) [best]",
    "price":39900,
    "text":"컬러감이 좋아 단품으로 이쁘게 입으실수 있습니다 :)"    
  },
  {
    "id":"002", 
    "category":"상의",
    "isBest":false,
    "image":"/images/prdlist_prdimg01.jpg",
    "name":"GREENDALE.반집업 맨투맨(3color)",
    "price":29900,
    "text":"밑단 스트링 들어가 핏잡아 입기 좋은 반집업 맨투맨입니다"    
  },
  {
    "id":"003", 
    "category":"하의",
    "isBest":true,
    "image":"/images/prdlist_prdimg02.jpg",
    "name":"USA 플래그 나일론 반바지(4color) [best]",
    "price":27900,
    "text":"가볍고 심플한 , 자수에 눈이 가는 플래그 반바지입니다:)"    
  },
  {
    "id":"004", 
    "category":"신발",
    "isBest":false,
    "image":"/images/prdlist_prdimg03.jpg",
    "name":"고 레더슬리퍼(4type)",
    "price":25900,
    "text":"입맛대로 골라신기 좋은 , 4종류의 슬리퍼!"    
  },
  {
    "id":"005", 
    "category":"가방",
    "isBest":true,
    "image":"/images/prdlist_prdimg04.jpg",
    "name":"퀄리티 크로스 토드백(no.031) [best]",
    "price":44900,
    "text":"공간 넉넉한 , 튼튼한 가방입니다:)"    
  },
  {
    "id":"006", 
    "category":"액세서리",
    "isBest":false,
    "image":"/images/prdlist_prdimg05.jpg",
    "name":"리스 썬글라스",
    "price":19900,
    "text":"폴리* 느낌의 스퀘어 썬글입니다."    
  }
]